NONE;
100CLU;
1WORLD;
2015 ARIZONA GOV;
3BROTHER;
4B;
5205LP;
83RDAVE;
83RDAVEPROPERTY;
8586RESTAURANT;
91EXPRESS;
A1GRIT;
A1INSULATION;
A1MECHANIC;
AAA AJAX;
AAA PALLET;
AAASERV;
AAASOUTH;
AAHOTSHOT;
AANDRELECTRO;
AAPAK;
AASALES;
AB&R;
ABDSIGNS;
ABETTER;
ABLEAUTO;
ABRIGHTE;
ABS-AZ;
ABSOLUTE;
ABSXPR;
ACCCOA;
ACCORDIA;
ACCOUNTI;
ACCOUNTING;
ACCURATEWTRJET;
ACCUTRACE;
ACGA;
ACMEXPRESS;
ACOUSTIMAC;
ACR;
ACRYLIC;
ACTA;
ACTINI;
ACTIONCE;
ACTIONFA;
ACTIONMAR;
ACTIVE;
ACUANTIA;
AD;
ADAMS, SAMANTHA;
ADAMSCNTY;
ADAMSD;
ADAMST;
ADCFALL;
ADECCO;
ADEQ;
ADEQGRO;
ADM;
ADMALLIANCE;
ADMIRALW;
ADRSERVICES;
ADRYER;
ADSEXPRE;
ADT;
ADTSECURITY;
ADVANCE;
ADVANTAGE;
ADWR;
AEPLLC;
AETNA INS;
AFF/S&S TIRE;
AFFORDABLE;
AFMA;
AFOREIGN;
AFPRPFIX;
AFR;
AGALERT;
AGATEINC;
AGCLASSROOM;
AGCOFINANCE;
AGDIRECT;
AGENCIA;
AGGREKO;
AGNEEDS;
AGP;
AGPRO;
AGRANCO;
AGRECOM;
AGREE;
AGRIBI;
AGRIBUIL;
AGRISTATS;
AGRIVIDA;
AGROIN;
AGUILAR, J;
AGUILAR,F;
AGUILARJOSE;
AGUIRRE;
AHDAIRY;
AHLERS;
AIB;
AIM NATIONAL;
AIRGAS;
AIRLINK;
AIRTECH;
AIR-TITE;
AKCHIN IN;
AKCHINEN;
AKCHINWA;
ALBA,W;
ALBERS;
ALBERS,R;
ALBERTSONS;
ALCOCK;
ALEGER;
ALEJANDRO;
ALI, S;
ALLCOVERED;
ALLEGIANCE;
ALLENENVIRNMENTAL;
ALLENFARMS;
ALLENLUND;
ALLIANCE;
ALLIED ELE;
ALLIED WASTE;
ALLIEDENERGY;
ALLIEDGAS;
ALLIED-NC;
ALLISON L;
ALLPROFL;
ALLRED-NC;
ALLSTAR;
ALLSTATE;
ALLSTATE INS;
ALLTEL;
ALLWAYS;
ALLYOU;
ALMARKFOOD;
ALPHA;
ALPHAFREIG;
ALPHAPOULTRY;
ALPHARMA;
ALPS RESOURCES;
ALTERNATIVE;
ALVARADOAUTO;
ALVAREZ;
ALZHEIME;
AMAYA, A;
AMAZING;
AMAZON;
AMBROULTCHRIS;
AMERBL;
AMERCULI;
AMERDISCFOOD;
AMEREGG;
AMEREQUIP;
AMEREXPR;
AMERFREI;
AMERHEA;
AMERHUMANE;
AMERICAGLAS;
AMERICANFENCE;
AMERICANPOULTRY;
AMERICANWE;
AMERIGAS;
AMERIPRISE;
AMERISOURCE;
AMERITYRE;
AMERREFR;
AMERWEATHER;
AMG;
AMT;
AMUT;
ANAHAR;
ANAS;
ANBO;
ANC;
ANCHONDO;
ANCOEAG;
ANDERSON;
ANDERSON S;
ANDERSON,L;
ANDRITZ;
ANGDUN;
ANGLEBOARD;
ANIMAL SCI;
ANIMALAG;
ANIREDDY;
ANKENMAN;
ANKURA;
ANMOTORS;
ANPARIO;
ANTCAR;
ANTHONY;
ANTHONYWAYNE;
AOLIVA;
APACHE;
APEREZ;
APEXRE;
APLUS;
APOLLO;
APOTEK;
APPERSON;
APPLE;
APPLEBEES;
APPLEGATE;
APPLIED;
APPLIEDE;
APS;
APS000;
AQCSANDB;
AQUA CAP;
AQUASERV;
AQUINO;
ARABLE;
ARAGAN;
ARAMARK;
ARAN;
ARBONEQU;
ARBORS;
ARCEO,S;
ARCHE;
ARCHER;
ARCIAGUY;
ARIFOO;
ARIPER;
ARIZONA TRUCKING;
ARIZONACORP;
ARIZONANS;
ARIZONAPS2;
ARIZONASECOND;
ARKANSAS;
ARKANSASEGG;
ARLINGTON;
ARMSTRON;
ARMSTRONG;
ARMSTRONG FEED;
ARMSTRONG R;
ARMSTRONGCONCRETE;
ARNGUT;
ARNOLD,T;
ARNOLDMAC;
AROBINSON;
ARREAZA;
ARROJO, SAL;
ARROWHDCOM;
ARROWHDGAR;
ARSLAN,G;
ARTS&BUS;
ASCHOL;
ASCO;
ASCOPOWER;
ASHCROFT;
ASHURST;
ASSEMBLY;
ASSOCIATIONCA;
ASSOCSERV;
ASTRAGROUP;
ASTROFOOD;
ASUFOUNDATION;
ASUPREPA;
AT&T 814;
AT&T00;
ATATRU;
ATBMATER;
ATKINSONLEA;
ATLANTIC;
ATLASR;
ATLBLO;
ATOZ;
ATP;
AUDON, A;
AUERBACH;
AURELIUS;
AUSTIN,B;
AUTIO COMP;
AUTIO-NC;
AUTISM SP;
AUTO OWNER;
AUTOHYUNDAI;
AUTOMATION;
AUTOMATION-NC;
AUTONOMY;
AUTONOW;
AUTOSAFE;
AVALANCHE;
AVALONPKG;
AVELAR,J;
AVENDANO,J;
AVERYWEIGH;
AVILA,C;
AVONDALE;
AVONDALECI;
AVONDALEDEVELOPMENT;
AVONDALEFARP;
AWLIFT;
AXIS;
AXLE;
AXLETRAN;
AYALA C;
AZ FARM;
AZ LEVY;
AZAGRICU;
AZAIRCOM;
AZATTGEN;
AZAUTOPA;
AZAWNING;
AZBAG;
AZBANNER;
AZBATTERY;
AZBOILER;
AZBOUNCE;
AZBOUNCEPRO;
AZBRAKE;
AZCAPITOL;
AZCARDINALS;
AZCATTLEGR;
AZCATTLEM;
AZCHAMBER;
AZCHAPTER;
AZCLEAN;
AZCOATIN;
AZCOLDSTO;
AZCONTROL;
AZCORR;
AZCPA;
AZDEPTOFAG;
AZDEPTREV;
AZDEPTWATE;
AZDIAMONDBAC;
AZDOA-CL;
AZDOA-EPC;
AZDOA-PM;
AZDOR0;
AZDOT;
AZDOWM;
AZENVIR;
AZEQUIP;
AZFARMBUR;
AZFARMGROUP;
AZFASTES;
AZFFA0;
AZFORKLIFT;
AZFRM0;
AZFURNISHINGS;
AZGBROWN;
AZGIN;
AZGLOVE;
AZGRAI;
AZGRFEED;
AZGROCERS;
AZHIGHWAY;
AZHWY;
AZICEMAN;
AZINSTRU;
AZINSTRUMENT;
AZINTERFAITH;
AZLABOR;
AZLANDSC;
AZLEGACY;
AZMACH;
AZMATERI;
AZMICROSCO;
AZNURSERY;
AZOFFICE;
AZPACIFIC;
AZPALLET;
AZPECAN;
AZPNEUMATIC;
AZPRO;
AZPROD;
AZPROPANE;
AZRACK;
AZRECOVERY;
AZRENAISSANCE;
AZREST;
AZRESTN;
AZRUBB;
AZRUNNER;
AZSEC;
AZSMOKE;
AZSPECIA;
AZSTAT;
AZSTATEF;
AZSTATELAND;
AZSTEEL;
AZTECA;
AZTECABAKERY;
AZWATERCO;
AZWELDING;
AZWINE;
AZWIRE;
B&ATRAIL;
B&M;
B&TTRAC;
B2BTRANS;
BACKFLOW;
BACPOL;
BAER;
BAGEL;
BAGWELL,T;
BAILEIGH;
BAILEYJ;
BAILYINT;
BAJA1;
BAJA2;
BAJA3;
BAKED;
BAKEMARK;
BAKER R;
BAKER, C;
BAKER0;
BAKERBISHARD;
BAKERHOSTETLER;
BAKESALE;
BALBOA;
BALDWINB;
BALLARD;
BALLARDSPAHR;
BALLOONART;
BALLSALES;
BALSUP;
BAMCAP;
BANCOFAMERICA;
BANDAOLGA;
BANGO, G;
BANKDIRECT;
BANKMORT;
BANKOFAMER;
BANKWEST;
BANNEREST;
BARAJAS, M;
BARAJASJUAN;
BARBERS PT;
BARBERSPOU;
BARCLAY;
BARDOMIANO;
BARKLEY;
BARNARD;
BARNES;
BARONHR;
BARONHR-AMER;
BARR INC;
BARRACUDA;
BARRAZA, ELIA;
BARRERA;
BARRIER,J;
BARRIO,C;
BARTHOLOM;
BARTLETT,T;
BARVAC;
BASH00;
BASHA42504;
BASHAS00;
BASREB;
BATISTA,M;
BATTERY WORX;
BAUTISTA, Y;
BAWMANNGROUP;
BAXTER;
BAXTERBAILEY;
BAXTERS;
BBPOWDER;
BCP;
BDR;
BEACHFLE;
BEARIN;
BEAUCHAM;
BEAVERCRATING;
BEDELL;
BEIERLEJACOB;
BELCHERT;
BELCHETA;
BELFIORE;
BELGAM;
BELLENDIR;
BELLSI;
BELMONTW;
BELSON;
BELTRAN;
BELTRANHAYDEE;
BELYEWH;
BEMISCOM;
BENDER;
BENITEZ,M;
BENNETTD;
BENRICH;
BENSYS;
BERGEFORD;
BERGEN,A;
BERKSHIRE;
BERTHIAUME;
BESTVET;
BETE FOG NOZZLE;
BETHEL, A;
BETTSCOM;
BICKNELL;
BIDDLE;
BIDONEQUIP;
BIDONLINE;
BIEDERMAN;
BIG D'S;
BIGBROTHER;
BIGDUT;
BIGHAM,M;
BIGLIFT;
BIGMAMA;
BIGSER;
BIGTEX;
BILL LUKE;
BILTMORE;
BILYEUCH;
BINGHAMAUTO;
BINGHAMEQU;
BIOACTIV;
BIOMEDIX;
BIOMUN;
BISBEE;
BISCUITS;
BJTRUK;
BLACK;
BLACKBELLY;
BLACKHAWK;
BLACKJAC;
BLACKMTN;
BLACKROCK;
BLAKELEYLLP;
BLAKEMACH;
BLAKEMAN;
BLINE;
BLISSIND;
BLOHM,J;
BLUEBE;
BLUECROSS;
BLUEMEDIA;
BLUEMOOSE;
BLUESTAR;
BLUETARP;
BLUMER,G;
BMILLOY;
BMOHARRIS;
BOBEASTMAN;
BODEGA;
BOLDER;
BOLT;
BOLTFORW;
BONNETT FAIRBOURN;
BOOTZ&DUKE;
BORDER;
BORDERCONSTRUCTION;
BORDERS-NC;
BOSCHMA,A;
BOSMA;
BOSTON;
BOWDENK;
BOWERMAN,B;
BOWERS;
BOWLER, E;
BOYACK;
BOYD;
BOYLESSJ;
BOYSGIRLSCLUB;
BPI;
BRADLEY;
BRADLEY,M;
BRAJON;
BRAMBILA, E;
BRANAMAN, JEFF;
BRANDT;
BRANDY;
BRANHAMR;
BRATRA;
BRATTIR;
BRATTJ;
BRAVOMEDIA;
BRAZIL;
BREAKFAST;
BREAKFASTBROADWAY;
BREAKFASTJOYNT;
BRELJE;
BRELJIANDASSOCIATES;
BRENDEL, ASH;
BRENNER;
BRENT;
BRERAY;
BREWER;
BREWERCOMM;
BREWIL;
BRIDGE-NC;
BRIDLE&BIT;
BRILLIANT;
BRIMCK;
BRITTON;
BRONZESM;
BROOKLYN;
BROOKMEL;
BROOKS J;
BROOKS,L;
BROOKSIDE;
BROWN IAN;
BROWN,M;
BROWNEDWARD;
BROWN-MEL;
BROWNSCUS;
BROWNSW;
BRUCKNER;
BRUNSKILL,R;
BRUXVOORT;
BUBBA;
BUCFAL;
BUCHANAN,H;
BUCHANAN,S;
BUCKEYE;
BUCKEYEAU;
BUCKEYEC;
BUCKEYECITY;
BUCKEYEELE;
BUCKEYEELKS;
BUCKEYEL;
BUCKEYEM;
BUCKEYEREN;
BUCKEYESTAR;
BUCKEYEVAL;
BUCKEYEWA;
BUCKEYEWATER;
BUCKFALS;
BUCKHORN;
BUCKLION;
BUERGER;
BUNGE;
BUNGER;
BUNGER-NC;
BUNZL;
BURCH;
BURCHAM;
BUREAUVE;
BURES;
BURNITEEMELIA;
BURNS;
BURNSBARTON;
BURT;
BURT,T;
BUSTOS;
BUTCHER;
BUTTERFIELD;
BUTTERFIELDS;
BUTTERS1;
BUTTERS2;
BWCDD;
BYERSAM;
BYERSJODIE;
BYERSMAC;
BYLERS;
C;
C&ASCALE;
C&L REFRIG;
C&SCOUPON;
C3SUPPLY;
CA WIRE;
CAAG;
CAAIRRES;
CABALLEROS;
CABILES;
CABLEVEY;
CABRERAJ;
CACTUS LANE;
CACTUS&PINE;
CACTUSFLO;
CACTUSIND;
CACTUS-NC;
CADSOFT;
CAFE;
CALBRAND;
CALEGG;
CALEGGINDASSOC;
CALICERT;
CALICO;
CALIFFOODS;
CALIFORN;
CALIFORNIA;
CALIFORNIAFRANCHISE;
CALIGROC;
CALLAWAY;
CALMAIN;
CAL-MAIN FUND;
CAL-MAIN- SHADY DALE;
CAL-MAINE;
CAL-MAINE - CHASE;
CAL-MAINE - DELTA;
CAL-MAINE - FLATONIA;
CAL-MAINE-RED;
CALPEL;
CALVERTOIL;
CALVERTSHEL;
CALWESTERN;
CAMACHO;
CAMACHO,A;
CAMARILLOK;
CAMELBACK;
CAMELBACKSTRAT;
CAMFILUSA;
CAMILLAVANSICKLE;
CAMLOG;
CAMPBELL;
CAMPBELLYOLANDA;
CAMPILLO;
CAMPILLO J;
CAMPOS, H;
CANIDY,J;
CANNONEQUIP;
CANONFIN;
CANYON BUS;
CANYON OF;
CANYONCO;
CAPITAL CR;
CAPITALCANYON;
CAPITALIND;
CAPITALONE;
CAPITOLENG;
CAPITOLSERVICE;
CAPOULTRYHEALTH;
CAPPHOLL;
CAPRO;
CAPS;
CARATACH;
CARAUSTAR;
CARBAJAL;
CARDENAS;
CARDINAL, K;
CARDINALS;
CARDLOCK;
CARDNO;
CARDSERVIC;
CARGILL;
CARGILLMCD;
CARIOCA;
CARLAW;
CARLISLE,E;
CARLOSDELEON;
CARLSON K;
CARNEAL,S;
CAROLINA;
CARPENA;
CARRANZA,J;
CARRASCO;
CARRIGENCHARLES;
CARROLL'S;
CARSAN;
CARTER,C;
CARTERET;
CARTRIDGE;
CARTZPAR;
CARUSO;
CASA GRAND;
CASA SEWER;
CASAGRANDE;
CASAGRANPU;
CASAMEDCNT;
CASATECH;
CASCALE;
CASHION;
CASHSTAR;
CASLERLAW;
CASTILLO;
CASTORINA;
CASTRO, M;
CASTRO,C;
CASTROER;
CATERPILLAR;
CATPRO;
CATRANSPOR;
CBENITEZ;
CBIC;
CBIZ MHM;
CBRE;
CBROWN;
CCA;
CDFA;
CDL TRUCK;
CDOFA;
CDOF-MEB;
CDWDIREC;
CEDARLANE;
CELISJESUS;
CEMEX;
CENDYT;
CENTER;
CENTIMARK;
CENTR;
CENTRALIZED;
CENTRALREF;
CENTRALVAL;
CENTRUM;
CENTRUM/ALDEN;
CENTURION POULTRY;
CENTURYLINK1;
CENTURYLINK2;
CEQAP;
CERRETA;
CERTEX;
CERTIFIT;
CERVANTES;
CERVANTES,A;
CERVANTES,E;
CES;
CES-NC;
CESNIE;
CEWELD;
CGCOMMOD;
CGFA;
CHACON;
CHADWELLA;
CHAFEY;
CHAMBERS;
CHAMPION;
CHAMPIONS;
CHARLESR;
CHARLESRIVER;
CHARTER;
CHASE;
CHAVEZ;
CHAVEZ,L;
CHAVIRA,J;
CHB;
CHEATHAM,A;
CHEESECAKE;
CHEESECUSTOMER;
CHEMICALTECH;
CHEMTREA;
CHEP;
CHEPALLE;
CHEROKEE;
CHERYLKOURY;
CHESTNUT;
CHIEF;
CHILDRESS S;
CHILI;
CHINO VALLEY INVENT;
CHOICE;
CHOPPERG;
CHOTRA;
CHP;
CHRBET;
CHRDAU;
CHRISTIAN,M;
CHROBI;
CHRPER;
CHRPET;
CHRYSLER;
CHRYSLER CAPITAL;
CHUBB;
CHUDZIAK;
CIAVONNE;
CIGANDA M;
CIGNA;
CINFIR;
CINGULAR;
CIRCLEK;
CIRCLETECH;
CISHOWHARDWARE;
CIT1000;
CIT800;
CITRIX;
CITY OF HOPE;
CITY OF MARICOPA;
CITYLONGBEACH;
CITYOFAURORA;
CITYOFAV;
CITYOFBOULDER;
CITYOFCASA;
CITYOFELCE;
CITYOFHAMP;
CITYOFPHOENIX;
CITYOFRIVERSIDE;
CITYOFSTANTON;
CIVIL;
CJAMERICA;
CJRIGGING;
CJT;
CKF;
CLARK;
CLARK COU;
CLARKL;
CLASSI;
CLATER;
CLEANCOR;
CLEARCH;
CLEARCHA;
CLEMONS, V;
CLEOCOMM;
CLERKIMP;
CLIFFCO;
CNHCAPITAL;
COAST0;
COASTAL;
COASTPOLY;
COCHISE;
COCHISE PE;
COCHISE SERVICE;
COCHISE STONE;
COCHISEC;
COCOPAH;
COFFINGER;
COFIRE;
COFOOD;
COGNEX;
COHEN;
COIN;
COLABELLA;
COLDLINERTRANS;
COLLEGE;
COLONIAL;
COLORADO;
COLORADO D;
COLORADO E;
COLORADOMILL;
COLORADOSPACE;
COLORADOSTATE;
COLORANCHERS;
COLRIV;
COLSHE;
COLT;
COLUMBIAEXPORT;
COLUMBUSIT;
COLVIN;
COMCAST;
COMDATA;
COMFORT;
COMLYROB;
COMMERCI;
COMMERCIAL;
COMMISSIONERNY;
COMMIT;
COMMONWEALTH;
COMMPORT;
COMMUNICAT;
COMP;
COMPACTOR;
COMPLETE;
COMPLETE COMP;
COMPLIANCE;
COMPRESSEDAIR;
COMPUTERCA;
CONCEN;
CONCEN-CO;
CONCON;
CONCRETE;
CONESCO;
CONNALLY,E;
CONNER;
CONSOFAB;
CONSOLIDAT;
CONTAINERSUPPLY;
CONTIN;
CONTINEN;
CONTINENTAL;
CONTRACTED;
CONTRERAS;
CONTROLC;
CONTROL-NC;
CONTROLS;
CONWAY;
COOKIN;
COOKSON;
COONLEY;
COOPER;
COOPERS;
COPBAT;
COPERION;
COPPERSMITH;
COPPERSTATE;
COPPERSTATE-NC;
CORDOVA;
COREMARK;
CORLOG;
CORNERSTON;
CORNPATCH;
CORNWELL;
CORONA,K;
CORRAL, H;
CORTEL;
CO-SALES;
COSME, M;
COSS;
COSTCO;
COSTCO WH;
COSTCOCHARITY;
COSTCODAMAGES;
COSTCOVISA;
COSTCOWH;
COTA,G;
COUNTRY CREEK;
COUNTRY3;
COUNTRYPLACE;
COUNTRYWID;
COUNTYCLER;
COURTESY;
COWAN;
COX,J;
COXCOMM;
COXONS;
COYOTE LOG;
COYOTELAKES;
COYOTEPORTABLE;
COYOTES;
COZY;
CPS;
CPT;
CR AND R;
CRAFT;
CRANDALL;
CRANEHAREST;
CRANERS;
CRANETECH;
CRAWFORD;
CRAWHI;
CREATBUS;
CREATIVE;
CREATIVECO;
CREIGHTON;
CRENGLAND;
CRESCEN;
CRESCENT-NC;
CRESCENTVSVC;
CRIT;
CRONEY, S;
CRONKHITE, R;
CROSS SPEA;
CROSSCON;
CROSSCOUNTRY;
CROSSINTER;
CROSSLEASE;
CROSSROADEQ;
CROSSROADS;
CROSSTRAILER;
CROWN;
CROWNEQU;
CRS;
CRYROB;
CSCS;
CTB INC;
CTB-NC;
CTCOMMODITIES;
CTLTRUC;
CTPOWER;
CTPOWER&I;
CUESTA;
CULLUM,D;
CULLUMWI;
CUMMINS M;
CUMMINSROC;
CURBELL;
CURLEW;
CURWOOD;
CUSIMANO,J;
CUSTOM;
CUSTOMCONTAINER;
CUSTOMENVIRON;
CUSTOMTURF;
CVS;
CVSP;
CWSONS;
CYBERLYNK;
DACOSTA;
DAIMLER;
DAKOTA;
DALE MALLETT;
DAMAGERE;
DANIELSD;
DANIELSEN;
DANNY'S-A;
DANNY'STRUCK;
DANTONIO,D;
DANVAZ;
DANWAG;
DARBY, Z;
DATAACCE;
DATSOL;
DAVEDOWNING;
DAVENPOR;
DAVIDGORIN;
DAVIDSLAWN;
DAVIS S;
DAVIS,K;
DAVISMONTHAN AFB;
DAWN FOOD;
DAYBREAK;
DCALABRO;
DCIINC;
DCL, INC;
DCOENV;
DCWATER;
DDAUTO;
DDBC;
DDS;
DEACONS;
DEAL;
DEAN;
DEANFOODS;
DEAVILA;
DECADEF;
DECAHEADQTR;
DECOFOOD;
DEEPWITHIN;
DEFENSE FI;
DEGAN;
DEGARMO L;
DEJONG;
DELAGE;
DELANO;
DELAO;
DELAOG;
DELATORRE;
DELECTABLE;
DELEGGCT;
DELEGGDTC;
DELEGGLOWRY;
DELEGGMRT;
DELEGGWEST;
DELTA;
DELTATRA;
DELVALLE;
DEMLEREG;
DEMTECH;
DENDULKP;
DENMARK;
DENMEZ;
DENNEY;
DENVER EXP;
DEPARTOF;
DEPMOTVE;
DEPTOFTREASURY;
DERISO,J;
DEROBERTIS L;
DERZIB;
DESERT COASTAL;
DESERTCO;
DESERTFOOD;
DESERTSAND;
DESERTSUN;
DESIGN;
DESIGNSP;
DESIGNSTUDIO;
DESMOINE;
DESMOU;
DESTRA;
DETR;
DEVENISH;
DEVERECO;
DEVEREUX;
DEWALLE,A;
DEWEY;
DEX;
DGALABRO;
DHL;
DHOCKGEIGER;
DHPACECO;
DIAMON;
DIAMOND;
DIAMONDBACKM;
DIAMONDE;
DIAMONDLAK;
DIAZ V;
DICKERSON,P;
DICKSONW;
DIEGON;
DIESEL;
DIGITAL;
DIMESO;
DION;
DIONANDS;
DIRECT OFF;
DIRECTOR;
DIRECTTRANSPORT;
DIRECTV;
DIRTGLUE;
DISCOUNT;
DISTIN,S;
DISTRIBUTIONMKT;
DITCHWIT;
DIVERSIFIED;
DIVERSIFIEDAG;
DIVERSIFIELDPLASTIC;
DIXON;
DJMILL;
DKEIL;
DKFARMING;
DLA;
DLARSEN;
DLD000;
DMJ16;
DMTB;
DMUNSEY;
DMV;
DMV REG;
DOCDUT;
DOLCO0;
DOMINO;
DORSEY;
DORSTENER;
DOSATRON;
DOTANI;
DOTCOM;
DOUBLEA;
DOUBS;
DOUGLAS;
DOWNEY;
DOWNSFRED;
DOWNTIME;
DOWTY;
DOYLE;
DOYLE,S;
DPRINTSHOP;
DRAGON D;
DRAINSQU;
DRAKEFRE;
DRAYTON;
DRDTRUCK;
DRJ;
DSMNUTRIT;
DSV;
DUBOIS;
DUCKS SEPT;
DUCKWORTH,A;
DUENORTH;
DUMAS;
DUMONT;
DUN&BRADST;
DUNCANFAMILY;
DUNE;
DUNHAM;
DUNIEC;
DUNLAP,B;
DUNNGREG;
DUNNPW;
DUNNTRAN;
DUTCH;
DUVALL,J;
DVB ENTER;
DYKMAN;
DYKSTRA;
DYNAMIC;
DYNAMICPOINT;
DYNAMITE;
DYNAMIX;
DZIALO,M;
EAGLEEYESEC;
EARFRA;
EARHART;
EARLEMJ;
EARLYAIR;
EARNHARDT;
EASTGATE;
EASTWEST;
EASTWETR;
EASYAUTO;
EASYSTRE;
EATHERLY,A;
EATON;
EATONCORP;
EAVES,D;
EAVES,R;
EBM;
ECAPCOM;
ECI000;
ECKENRODE;
ECOFEED;
EDEY MFG;
EDGNIE;
EDINUN;
EDMLLC;
EDMOND,C;
EDMONDSON,S;
EDSREP;
EDUGAR;
EDURAN;
EDWARD;
EEDS DAVID;
EFS;
EFSNETWO;
EGAN M;
EGG TRADER;
EGGHEAD;
EGGINGTONS;
EGGINNOVAT;
EGGLANDS;
EGGLETON TRUCKING;
EGGPROCESS;
EGGSAMERICA;
EGGSHAWAII;
EGGSRUS;
EGGSTASY;
EGGSUNLIM;
EGGU;
EGSALES;
EIGHT/KAET;
EIGHTYNI;
EJENGINEERING;
EJFLOW;
EJM MESA;
EL SUPER;
ELAN00;
ELANCO;
ELECTI;
ELECTRICAL;
ELIREY;
ELISAN, F;
ELIZARRARAZ,E;
ELJEFE;
ELLIOT;
ELLIOTT,B;
ELLIS,D;
ELSOLDEL;
ELWOOD;
ELZARIBAH;
EMBARQ;
EMBRIA;
EMBROIDME;
EMERGENC;
EMERGROAD;
EMERSON;
EMPIRE;
EMPIREDIST;
EMPIREMETAL;
EMPIREMO;
EMPIREWE;
EMPLOYMENT;
EMPLOYSEC;
EMPOWERED;
ENCHANTED;
ENGINEERING;
ENGLANDL;
ENRIQUEZ,B;
ENTERP;
ENTERPRISE;
ENTERPTOLL;
ENVIRAIR;
ENVIREQUIP;
ENVIROCHEM;
ENVIROINSIGHT;
ENVIRONMENTAL;
ENVIROQUIP;
ENVIRPROD;
ENVIRTECH;
ENVTECHNIQUES;
EONE;
EPICINTE;
EPICURE;
EPITOPIX;
EPOS;
EPOSNOW;
EQUATOR;
ERIKS;
ERILUN;
ERMAN;
ERNPAC;
ESANDOVAL;
ESCOBAR;
ESCOBAR.L;
ESCOELEC;
ESPINOZA;
ESPWAT;
ESQUIVEL;
ESQUIVEL,J;
ESQUIVIAS,O;
ESTES EXPR;
ESTRADA;
ESTRELLA;
ESTRELLAM;
ESTRELLAMTN;
ETC;
ETHERTON;
EUAUTOMATION;
EVANSVILLECLD;
EVASQUEZ;
EVELSOLL;
EVERSOLE,V;
EVOLUTION;
EVOLVE;
EVONIK;
EWINGCO;
EWINGIRR;
EWING-NC;
EWINGTEC;
EXAMINETICS;
EXFREIGHT;
EXPRESS;
EXPRESS FREIGHT;
EXTREMEMIC;
EYESITE;
EZELL;
EZELLRENT;
EZTOWING;
F&CAUTO;
FA1633;
FACCO;
FACCOCSPA;
FACER,G;
FACTOR;
FADIGA;
FAGERMAN;
FAIRCHILD;
FAIRMONT;
FALCONEXE;
FALCONGOLF;
FALCONPACK;
FALCONPOWER;
FAMILY LOG;
FAMOUSEDAVES;
FANUC;
FARBER;
FARMERA;
FARMERBO;
FARMERBOYS-AR;
FARMERS;
FARMERSHEN;
FARMMARKET;
FARMPR;
FARMRANCH;
FARMWEIG;
FARWELL;
FASI;
FASSIO;
FAST&EASY;
FASTENAL;
FBC;
FCSTONE;
FDI;
FEATHERCRE;
FEATHERLAND;
FEDEX-DO NOT USE;
FEDEXFRE;
FEDEXP;
FEED;
FEEDPROD;
FEEDS2;
FELIDES,K;
FELJAQ;
FENCHEM;
FENNEMORE CRAIG;
FENTRU;
FERGUSONENTER;
FERGUSON-NC;
FERGUSONWATE;
FERNANDEZ, F;
FERNANDEZG;
FERR 2;
FERREL1;
FERREL2 -;
FERRELLGAS;
FERRELLGAS 107048502;
FERRELL-NC;
FERRIS;
FERTIZ;
FESTO;
FFE;
FIBERGLASS;
FIBERGRATE;
FIBROCORP;
FID401K;
FIDELITY;
FIDELITYEYE;
FIELD;
FIENHAGE;
FILTRATION;
FINERLINE;
FINISHING;
FIRCRA;
FIREFLY;
FIREICE;
FIREPRO;
FIRESMART;
FIRESPR;
FIRSTAMERICAN;
FIRSTCH;
FIRSTEDGE;
FIRSTFIDELITY;
FIRSTINS;
FIRSTLEGAL;
FIRSTLINE;
FISH00;
FISHER, C;
FIX ME AFP;
FLANAGANNANCY;
FLANIGAN;
FLAPJACKS;
FLEET,C;
FLEETI;
FLEETP;
FLEETPAI;
FLEETRESPONSE;
FLEETTRAILER;
FLEETWAS;
FLEMINGT;
FLODRAULIC;
FLORENTIN;
FLORES, MARCO;
FLORES,A;
FLORES,S;
FLOTECH;
FLUEGGE;
FLYGOODYEAR;
FMG;
FMH;
FOCAL;
FOCMAN;
FOOD CITY;
FOODLA;
FOODRESOURCE;
FOODSAFETY;
FORD, KYLE;
FORD30;
FORKLIFT;
FORKLIFTS UNLIMITED;
FORMSONFIRE;
FORSHEE,R;
FORSMAN;
FORTDO;
FORTHUACHUCA;
FORWARD;
FOSTER;
FOSTEREL;
FOSTERENTERPRISE;
FOSTERKRISTY;
FOUNDATION;
FOUR;
FOURPEAK;
FOURWINDS;
FOXCREEK;
FOXCRKFOOD;
FPMINC;
FRACAS;
FRALEY;
FRANCHISE;
FRANCO DE LA CRUZ;
FRANKLIN;
FRANKLINRE;
FRARON;
FRAZEE PAI;
FREDSB;
FREEDOM MARKETING CO;
FREEMOTION;
FREIGH;
FREIGHTLINER;
FREIGHTMAN;
FREIGHTQUOTE;
FREIGHTSIM;
FRERAI;
FREREA;
FRESH;
FRESHFREIGHT;
FRESHPAC;
FRESHPOINT;
FREYERMU;
FRIEDBAL;
FRIEND K;
FRIOTECH;
FRIREC;
FROST;
FRUTH;
FRYS;
FSCURTIS;
FSENET;
FSNS;
FUELCO;
FUENTES;
FUNFLICKS;
G&RIMPORTS;
GALICIA;
GALINDOE;
GALINDOS;
GALLAGHER,M;
GALVAN E;
GALVAN, J;
GALVANSOCORRO;
GAMEZ,J;
GAMPAC;
GARCAL;
GARCIA R;
GARCIA, MMICHELLE;
GARCIA, O;
GARCIA,F;
GARCIA,L;
GARCIALUIS;
GARCIARA;
GARCIAV;
GARDENER;
GARDNERC;
GARIBALDI;
GARRETTS;
GARWAT;
GARYSPOWER;
GATEWAY;
GATLINJO;
GCR;
GDIMINO;
GEGA;
GEGNER;
GEIGER;
GELSONS;
GEMPLERS;
GENERAL;
GENESIS;
GENMATERIALS;
GENSTAR;
GENWORTH;
GEOFFVON;
GEORGEM;
GERBER;
GERGUS T;
GERPER;
GERSABA,N;
GFARMS;
GFIACOUS;
GHATECH;
GIANETTI;
GIL M;
GILA;
GILA GROWERS GIN;
GILA RIVER VET;
GILARIVER;
GILBERT IN;
GILBERTHOUSE;
GILE;
GILKERSON;
GILLSOUTHW;
GILMANBR;
GILSDORF;
GILSONPCA;
GILSTRAP;
GILTNER;
GINCOR;
GIRONM;
GIROUX;
GIX;
GLENACT;
GLENDALE;
GLENGLASS;
GLENKGT;
GLENOF;
GLENST;
GLENWE;
GLOBAL;
GLOBALANIMAL;
GLOBALIS;
GLOBALTR;
GLOBALWA;
GLOVER,D;
GMAC00;
GODSVAST;
GOLDEN;
GOLF;
GOLFINDU;
GOMEZ E;
GOMEZAUTO;
GOMPERS;
GONZALES A;
GONZALES G;
GONZALES J;
GONZALES, D;
GONZALES,A;
GONZALES,S;
GONZALEZ TRUCKING;
GONZALEZRD;
GONZALEZS;
GOODFELLAS;
GOODFOODS;
GOODIES;
GOODYE;
GOODYEAR;
GOODYEAR AD;
GOODYEARROTARY;
GORDON DARBY;
GORDONRE;
GOS PRODUCTS;
GOSSDAVI;
GOSSLIND;
GOUINE;
GP;
GPAC;
GPR;
GPRDALLAS;
GRAING;
GRAINGER-NC;
GRAMAT;
GRANDVIEW;
GRAPHIC PACKAGING;
GRATZLHE;
GRAUF,MAX;
GRAYBAR;
GRAYMATTER;
GREATERPAR;
GREATWES;
GREATWESTERNSERVICES;
GRECO;
GREEN;
GREEN,R;
GREENBAY;
GREENER;
GREENLUKE;
GREENRUBBE;
GREENVALL;
GREENWOOD;
GREY NY;
GREYSTONE;
GRIFFIN,R;
GRINS2GO;
GROHALL;
GROOMS, C;
GROWELL;
GROWERS;
GRUBER PWR;
GRUNTMEIR;
GS1;
GTHAULING;
GUARDIAN;
GUARDIANL;
GUAYULE;
GUBLER,N;
GUERIN;
GUERRERO;
GUEVARA,R;
GUIDANTLAW;
GULFCOAST;
GULLESON, D;
GUNCOSTE;
GUNKELL;
GURROLA.H;
GUS;
GUTIERREZD;
H & S ENVIRO;
H&EEQUIP-DO NOT USE;
HAAS;
HABASH,G;
HACH00;
HAG;
HAGGENFOOD;
HAJOCA;
HALBERS;
HALEYALD;
HALL,C;
HALL,J;
HALLCO;
HALLD;
HALLMICH;
HALLS;
HALO;
HAMADOR;
HAMAMATS;
HAMBICKI;
HAMILTON;
HAMILTON TOWING;
HAMILTONEGGS;
HAMILTONTRUCKING;
HAMMOND,S;
HAMPTON HA;
HAMPTON, M;
HAMPTONMEGAN;
HAMRICK;
HANDLING;
HANDSOME;
HANFORD;
HANGER;
HANKE;
HANKOOK;
HANNA;
HANOVER;
HANSEN;
HANSEN T;
HANSENCOLD-NC;
HARBOR;
HARCUV;
HARDINLA;
HARDY;
HAROLD;
HAROON;
HARPER, J;
HARQUAHALA;
HARRELL K;
HARRELL P;
HARRINGTON;
HARRISONFARM;
HARRISREBAR;
HARSHMAN,C;
HART;
HARTFORD;
HARTFORDINS;
HARTLI;
HARTMANNJ;
HARVESTMOON;
HASSAYAMPA;
HAVEN,C;
HAWAIISTAT;
HAWK ALARM;
HAWKEYE;
HAWKNEST;
HAWTHORN;
HAYMESTA;
HAYWARDANDRE;
HCC;
HCL;
HDSUPPLY;
HEALEY;
HEALTH JOY;
HEALTHCARE;
HEARITIGE,H;
HEARTLAND EXPRESS;
HEATHERGIL;
HEAVENS;
HEAVYT;
HEBRON;
HEEQUI;
HEIJAC;
HEITEK;
HELENA;
HELMING;
HELMS C;
HELMUTH;
HELSINKI;
HENDRICKS;
HENDRIX;
HENHOUSE;
HENHOUSE2;
HENHOUSE3;
HENHOUSECOM;
HENNINGSEN;
HERCZEG;
HERDSTAR;
HERITAGE;
HERN AARON;
HERNANDEZ,D;
HERNANDEZ,J;
HERNANDEZ,M;
HERNANDEZA;
HERNANDEZJ;
HERRERA;
HERRERA, P;
HERSETH;
HEX DESIGN;
HFA;
HICKAM AFB;
HICKB&G;
HICKLE T;
HICKLEKEVIN;
HICKMAN;
HICKMAN B;
HICKMAN BILL;
HICKMAN BLI;
HICKMAN BRA;
HICKMAN BRE;
HICKMAN C;
HICKMAN FAMILY FARMS;
HICKMAN G;
HICKMAN G B;
HICKMAN G L;
HICKMAN G M;
HICKMAN J B;
HICKMAN L;
HICKMAN M;
HICKMAN MAR;
HICKMAN T;
HICKMANGLE;
HICKMANMT;
HICKMANSHARM;
HICKTRUST;
HIDDEN;
HIDDEN-VONS;
HIGHLAND/SONOCO;
HIGHMESA;
HIGHT;
HIGUERAD;
HILL,J;
HILLCH;
HILLHARVEST;
HILLYA;
HILMER;
HILODESE;
HILTI;
HIREKU, INC.;
HIRERIGHT;
HISTORIC;
HIVE;
HJH;
HLC000;
HMCFALL;
HMS;
HMSA;
HNNORTHAMERICA;
HODGES,K;
HOENIG;
HOENIGGA;
HOLLENBECK,C;
HOLLIDAYPROESSING;
HOLMES, R;
HOLT;
HOLTCARL;
HOLTKAMP;
HOME;
HOMEDE;
HOMEDEPOT-NC;
HOMELESSSHELTER;
HOMESTEAD;
HOMESTEADCONS;
HOMETOWN;
HOMETOWN-NC;
HONEYCREST;
HONEYFOU;
HONEYWELL;
HOOVER J;
HOPKINS;
HORIZO;
HORIZOND;
HORNE;
HORNEMAN;
HOSEPOWER;
HOWARD,A;
HOWSEL;
HOYT, J;
HP2;
HRCS;
HRPOR;
HRWISE;
HUERTA;
HUGER;
HUGHES J;
HUMANE;
HUMBOLDT;
HUNGRY;
HUNTER;
HUNTERTE;
HUSSMANN;
HUSTON;
HUTCHINSON,A;
HYDROBLE;
HYLAND;
HY-LINE;
IAMCHANELLE PHOTO;
IASLAB;
IBM;
ICE NOW;
ICEKING;
ICEQUBE;
ICF;
ICFCC;
ICIXNORTH;
IDDINGS, D;
IDEASCOLLIDE;
IDESUP;
IDM;
IEC-NC;
IECSUPPL;
IES;
IFCCARRIERS;
IFCO;
IFM;
IFTA;
IGAREBATE-DO NOT USE;
IGUS BEARINGS;
IGW;
ILLINOIS DOA;
IMENEV;
IMERYS;
IMF;
IMPACT;
IMPACTFIN;
IMPERIAL;
IMPERIAL C;
IMPERIAL WESTERN;
IMPERIALIR;
IMTTRANS;
INANDOUT TRUCK;
INDEPE;
INDEPEND;
INDIANAUNIVERSITY;
INDIANRIVERTRANS;
INDUSTRIAL;
INDUSTRIALAUTO;
INDUSTRIALFAB;
INDUSTRIALMETAL;
INDUSTRIAS;
INFINITE;
INGERSOLLRAND;
INGLE,A;
INKJET;
INLANDHOBB;
INMAR;
INNOVAEQ;
INNOVATIVE;
INNOVIA;
INSIGHT;
INSTRUCTIONAL TEC;
INSTRUMENTATION;
INTECH;
INTEGGMRKT;
INTEGRA;
INTEGRITY;
INTEGRITY EXPRESS;
INTEGRITYVALET;
INTERIDE;
INTERNATIONAL;
INTERNATIONALFARMING;
INTERSB;
INTERSTATE;
INTERSTATE DIST;
INTERSTATE PACKG-DW;
INTERSTATETUCSON;
INTERSYS;
INTERTEK;
INTERTRIBA;
INTERVET;
INTMAC;
INTPAPER;
INTRALOX;
INTRSP;
IOWAPOULTR;
IOWASTATE;
IPC;
IPS;
IRM;
IRONMNT;
IRONPLANET;
IRONWOOD;
IRS000;
IRS001;
IRS002;
IRVINECHRI;
ISMGON;
ISN;
ISTOBAL;
ITSCANAD;
ITWINSUL;
IWASFRAMED;
JAASBEAU;
JACK;
JACKSONS TRAILERS;
JACMAR;
JACOBS USA;
JACOBSEN;
JACOBSON;
JAMBAI;
JANKOVICH;
JANOWITZ, J;
JAQUEZ,O;
JARMSTRONG;
JAROSZ, K;
JB TRAILERS;
JBELSHER;
JBFREIGHT;
JBHUNT;
JBI;
JBRACH;
JBTSERVICE;
JCLARK;
JCSREFRIG;
JCTRANSP;
JCTRUC;
JDDTRUCKING;
JDFACTORS;
JDTRANS;
JEAR;
JENKINS;
JENPUL;
JENSEN;
JERRYSOF;
JERUE LOGISTICS;
JESPER;
JETTLIFE;
JIMENEZ R;
JIMENEZ, M;
JIMENEZ,MI;
JIMENEZN;
JIMSAW;
JIMSWATER;
JJKELL;
JJSTECHN;
JKCOMMODITIES;
JKONECNY;
JMEAD;
JMJ;
JMP;
JMWELLS;
JOANIESIM;
JOBNOR;
JOES;
JOESCONCRETE;
JOHLAN;
JOHN C;
JOHNDEERE;
JOHNHANCOCK;
JOHNSEN;
JOHNSON;
JOHNSON J;
JOHNSON, N;
JOHNSON, Q;
JOHNSON,J;
JOHNSONAUTO;
JOHNSOND;
JOHNSONDAVID;
JOHNSONR;
JOHNSTONE;
JOLICOEUR;
JOLICOEUR,T;
JONES;
JONESCALVI;
JONESFORD;
JONESWAL;
JONGS EGG;
JORDAN,B;
JORGEAC;
JOSCAR;
JOURNEY FREIGHT;
JOVERO,T;
JPSFABR;
JRSTRUCT;
JSILLER;
JTMACHINE;
JTMTRANS;
JTORIBIO;
JUDMIR;
JUDTEC;
JUS;
JZTRUCK;
KAHLER;
KAKAR;
KALEIDOSCOPE;
KALITANYI,A;
KAM;
KAMAN;
KANEOHE;
KANREC;
KAPPA;
KAPSTONEPAPER;
KARCAS;
KARCHERW;
KAROSD;
KARTOONN;
KAS LOG;
KASCO;
KAUFMAN;
KAYDON;
KAZI;
KAZTV;
KBAQ-FM;
KBAR;
KBRAND;
KCEBREROS;
KEELE;
KEESY;
KEI;
KEITHBRADLEY;
KELLER;
KELLER ELECTRICAL;
KELLERPAUL;
KELLYFER;
KELLYREF;
KELLYSRAILROAD;
KEMIN;
KENALMOND;
KENBRO;
KENLEE;
KENNEDYH;
KENNER,D;
KENTCHRO;
KENTMICHAEL;
KERR;
KERR K;
KEVHAN;
KEY EQUIP;
KEYENCE;
KEYEQUIP;
KEYSTONE;
KHINES;
KHOLODOVA;
KIA MOTORS;
KIBBEYMI;
KIEL, TANIA;
KILAUEAC;
KIMBALL;
KINGKNUTSO;
KINGREPAIR;
KINO;
KIRK,L;
KISSTHECOOK;
KITAWAGA, Y;
KJZZ;
KJZZKBAQ;
KKRUG;
KNIGHT;
KNIGHT B;
KNIGHT,B;
KNIGHTS;
KNOBE4;
KNOWLTON;
KNOX,D;
KNURR;
KOCHEVAR,L;
KODET;
KOMATS;
KONDKHOROV,J;
KONICA;
KONICAMINOL;
KONOS;
KOOLBOX;
KORHONEN,R;
KORTINVEST;
KOTVAL;
KOTZYBA;
KOVELESKI;
KPEARSON;
KPNX;
KPS;
KRAUSS,N;
KREDIT;
KROGER;
KSCHAPER;
KSTARRANCH;
KTWELDING;
KUBCRE5;
KUBOTA;
KUBOTA 9410;
KUBOTA143621;
KUHL CORP;
KUSTOM;
KUYOC;
KWPRECAST;
KYN;
KZELLMETAL;
LA DOL;
LAART;
LABEL PRI;
LABORREA;
LABRUCHERIE;
LABTEST;
LACBRAD;
LACONTRACT;
LADD G;
LADOLCEVITA;
LAEGGDIST;
LAGRANDE;
LAMB;
LAMBERTI,  MARIA;
LAMINATIONS;
LAMPEMORG;
LAMPSON;
LANDMARK;
LANDRUM,C;
LANE;
LANGMAN,A;
LANHAM;
LAOFARMS;
LAPPELI;
LARRYMIL;
LARSNIEL;
LASF;
LAURENCE,D;
LAVENDERA;
LAWSEN C;
LAYNE;
LBA RV;
LBRADLEY;
LCPENNER;
LDTEAM;
LEBUZZ;
LEBUZZCAFFE;
LECCAL;
LECOCORP;
LEDBETTER,D;
LEEJENNING;
LEFEVRE,C;
LEGACY;
LEGALCON;
LEHIGH VALLEY SS;
LEHIGHOU;
LEMAR;
LEMLEY;
LEMON, D;
LEON,J;
LEON,Z;
LESPINOZA;
LETICA;
LETOGA D;
LEUK&LYMPH;
LEUKEMIA;
LEVPOB;
LEWANDOWSKI;
LEXCOCAB;
LGO;
LHOLLEY;
LIBERTYL;
LIBERTYMUT;
LIBRTY;
LICENSE PLATE;
LIGHTBEAST;
LIGHTHOUSE;
LIGHTING RESOURCES;
LILPACKAGE;
LILREDWA;
LIMONES,J;
LINCOLN;
LINCOLNDAVID;
LINCOLNPOULTRY;
LINDHE J;
LINESE;
LINKED;
LINKS;
LIPSKYK;
LISGAR;
LITGATEWAY;
LITTLEAMERICA;
LITTLEO;
LIVEANDG;
LIVELY DISTRIBUTING;
LJ1700;
LLC;
LMGRAIN;
LMS;
LOAD DELIVERED;
LOCAL FIRS;
LOCKETT REFRIG;
LOCKTON;
LOCOINC;
LODERS;
LOERZEL;
LOFTIN;
LOGECAP;
LOGISTICS;
LOHMANN;
LOMA SYST;
LOMUDAVI;
LONDON;
LONDRIE,N;
LONETREEGOLF;
LONGSHIP;
LONGTIN;
LOPEZ;
LOPEZ E;
LOPEZ,J;
LOPEZ,RU;
LOPEZJUL;
LOPEZMARIO;
LOPEZRAUL;
LORENZENA;
LORENZO;
LORMAN ED;
LOVATO,F;
LOVITTTOUCHE;
LOWE'S;
LOWES-NC;
LUBING;
LUCERNE;
LUCIS;
LUCKY TIRE;
LUIPRI;
LUISSEG;
LUKEAFB;
LUNA;
LUPPOR;
LUTHERST;
LVKO;
LWC;
LYELECTRIC;
LYMAN, RAYMOND;
LYNN,T;
M&CAND;
M&I GOODYR;
M&SEQUIP;
MAASCH;
MACDONAL;
MACHINERY;
MACIAS,T;
MACK;
MADCHE;
MADDADDY;
MAGANN;
MAGNATION;
MAGNUM;
MAINEVENT;
MAINSTREET;
MAINWAR;
MAKENZIE;
MAKING WAV;
MALDONADO J;
MALLEN;
MALLOY;
MALSAF;
MANDLIK;
MANKAB;
MANLEYC;
MANN, H;
MANOS,J;
MANSFIELD;
MANUELLE;
MANWIL;
MARACHAN D;
MARAFI T;
MARATHON;
MARATHONMIRROR;
MARCOAIR;
MARCOCRANE;
MARCODOT;
MARCOENV;
MARCOPLAN;
MARCOTRE;
MARETZKY,C;
MARFON;
MARHOL;
MARIANA;
MARICOPA;
MARICOPA CENTER;
MARICOPA D;
MARICOPA F;
MARICOPACOUNTY;
MARICOPACOURT;
MARICOPASTANFIELD;
MARIN;
MARINHEC;
MARISCAL;
MARK H;
MARKAUST;
MARKETON;
MARKGREY;
MARKOWICZ;
MARK'S;
MARKS-NC;
MARKY TRUCKING;
MARORT;
MARSH;
MARSHALL J;
MARTAINB;
MARTEN;
MARTIN S D;
MARTIN SH;
MARTIN,R;
MARTIND;
MARTINEZ, K;
MARTINEZ, L;
MARTINEZ,A;
MARTINEZ,G;
MARTINMITCH;
MARTORI;
MARX P;
MASSETT;
MASSFLOW;
MAST00;
MASTERCARD;
MASTERCARE;
MATCO;
MATLOCK,J;
MATLOCK,L;
MATSON LOGISTICS;
MATTHEWS, S;
MATTS;
MAXIMCRANE;
MAXUM;
MAY, I;
MAYFIELD;
MAYHARD;
MAYHEW;
MAYNES;
MBCI;
MBI;
MC;
MCA LOG;
MCANAL;
MCANALL;
MCCALL;
MCCANDLESS;
MCCARROLL;
MCCLINTOCK;
MCCRACKEN C;
MCCRACKEN, D;
MCDONALD I;
MCDONALD R;
MCDOT;
MCELROY, Z;
MCESD;
MCESDWW;
MCKEQU;
MCKINL;
MCLANE;
MCM;
MCMASTER;
MCMPOULT;
MCNEECE;
MCNICHOL;
MCSCD;
MDD;
MDEQUIPM;
MDIXON;
MDRCAPITAL;
MEACHUM C;
MEAD;
MEADE EN;
MEADOWGOLD;
MEADOWLARK;
MEALEY ED;
MEANSL;
MEDINA,F;
MEDINA,R;
MEDINAJOSE;
MED-LEGAL;
MEDLEY;
MEDLINRO;
MEDRANOJ;
MEGACORP;
MEGINNIS,C;
MEHALL CON;
MEI LABELS;
MELCAMWEB;
MELEISEA P;
MELENDREZ,C;
MELS00;
MELSAUTO;
MELVIN;
MEMO CORP;
MENA,F;
MENDEZ,A;
MENDEZL;
MENDOZA;
MENDOZA, C;
MENDOZA, R;
MENDOZA,C;
MENDOZAC;
MENDOZAD;
MENDZOM;
MENNING,S;
MERAZZ;
MERCADO,M;
MERCEDES;
MERCHANT;
MERCHANTB;
MERCHANT-NC;
MERCK ANIMAL HEALTH;
MERIAL;
MERITFOODS;
MERRITT;
MESACOLD;
MESQUITE;
METAGRAPHX;
METALSUPERMARKET;
METALWORKS;
METFIL;
METHIONINE;
METLIFE;
METLSPAN;
METRO SUR;
METROFIR;
METROINS;
METTILLE;
METZFAB;
METZGER;
MEXFOODS;
MEXICAN;
MEYHEN;
MEZA J R;
MEZA, S;
MEZANAR;
MGARZA;
MGM;
MHEQUIPM;
MICFOO;
MICGOL;
MICHEL,O;
MICHIGAN;
MICKEYD;
MICRO DE;
MICROAGE;
MID;
MIDAMERENER;
MIDAMERTRA;
MIDCHE;
MIDCOUNT;
MIDDLEBY;
MIDLAN;
MIDWAYNIS;
MIDWEST BR;
MIDWEST CONS;
MIDWEST TR;
MIDWESTLAB;
MIDWESTPOULTRY;
MIDWESTUNIVER;
MIKE MORAN PLUMBLING;
MIKELS;
MIKFORM;
MIKITA;
MILEA,D;
MILESMEC;
MILEXP;
MILLBROS;
MILLEN;
MILLER, L;
MILLER,KU;
MILLER,M;
MILLERK;
MILLETTE;
MILLINGM;
MILLS;
MILLSTIR;
MILTON;
MINARI;
MINER;
MINNESOTA;
MINNESOTAS;
MISSION;
MISSIONCOMM;
MITCHELL;
MITCHELL, W;
MITEL;
MIYO;
MJB;
MJL;
MJS;
MMAGNUSSON;
MMFARMS;
MMI TANK;
MMIINTER;
MMMETAL;
MNG;
MOARK NON OWN;
MOARK0;
MOARKLOL;
MOBA;
MOBCAR;
MOBILEFO;
MOBILEMIX;
MOBILEMOD;
MOBMINI;
MOBNPP;
MOCON;
MODIS;
MOFFETT;
MOFFITT;
MOHAVE;
MOLINALU;
MONELLCHEMICAL;
MONTAS TRUCKING;
MONTE;
MONTES E;
MONY00;
MONZON,J;
MOON VALLE;
MOORE R;
MOORE, R;
MOORE,T;
MOOREA;
MOORMAN,M;
MORALES;
MORALES, ROB;
MORALES,B;
MORALESE;
MORELANDE;
MORENOSU;
MORGAN;
MORNINGFRESH;
MORNINGSTAR;
MORRIS;
MORSCO;
MORTS;
MOSELEY,W;
MOTION;
MOTIVEENERGY;
MOTZZ;
MOUPOW;
MPENVIRONMENTAL;
MSANTIAGO;
MSMITH;
MSW;
MTU;
MUDDY;
MUGICA,F;
MULTILIFT;
MULTIVAC;
MUNOZ,A;
MUNOZ,S;
MUNTERS;
MURREN,J;
MURRIETA,I;
MUSTANG;
MUTKA;
MVBBUCKEYE;
MVBTITLE;
MVD;
MYEONG;
MYERSTIR;
MYRON;
NAC000;
NAIA TRUST;
NAITC;
NAJEEBY;
NALCO;
NAPABU;
NAPI;
NASH, J;
NATAG;
NATIONAL;
NATIONALBANK;
NATIONALEG;
NATIONALFOODS;
NATIONALGRAT;
NATIONALI;
NATIONALPAST;
NATIONALREST;
NATIONALS;
NATIONWIDE;
NATIVEWINGS;
NATLBEEF;
NATLMOTOR;
NATOLI,V;
NATWAS;
NAUMAN;
NAVAJO AGR;
NAVAJOEXPR;
NAVARETTE, I;
NAVARRO J;
NAVARRODEALLEN;
NBC;
NBREITINGER;
NCH;
NEAL LAW;
NELSON,B;
NELSON,N;
NELSONPO;
NEOGENCO;
NERO;
NESSCO;
NESTEG;
NETHER;
NEVADA DE;
NEVADA POW;
NEVADADE;
NEVADADEPTOFTAX;
NEVADADIV;
NEVADAL;
NEVAREZ;
NEVDAHL;
NEVYSTA;
NEWAY;
NEWBENEFITS;
NEWJERSEY;
NEWLAKE;
NEWMAN;
NEWPRIME;
NEWWEST;
NEWYORK;
NEWYORKAG;
NEWYORKDELI;
NFIB;
NGUYEN,V;
NICHOLAS;
NICHOLS;
NICKELS;
NICKOLICH, T;
NICTECH;
NIETO, A;
NIETO, TASIO;
NIGHTINGALE;
NIMER;
NINA;
NMAGRI;
NMSS;
NMTAX;
NOBLE;
NOBLEBREAD;
NOBLE-VONS;
NONNIS;
NONNYS;
NOORWOOD;
NORAME;
NORCO;
NORDSON;
NORPAR;
NORSAF;
NORSTA;
NORTHAM;
NORTHERNREFRIGERATED;
NORTHWES;
NORTHWESTFLOOR;
NORTOO-DO NOT USE;
NORVELL,C;
NOVA;
NOVUSI;
NOWAKT;
NOWASTE;
NPAIZ;
NSABIMANAFRANCOIS;
NSTRACTO;
NUB;
NUCAL;
NUCAL-HAWAII;
NUCAL-PINEHILL;
NUCAL-SANJACINTO;
NUSSBAUM,K;
NUTRABLEND;
NUTRIAD;
NUTRIQUEST;
O ORGANICS;
OAKDELL;
OAKWOOD;
OCHOA,A;
OCMLLC;
OCONNER,C;
ODC;
ODOM;
ODONNELL;
ODYSSEY;
OECGRAPHICS;
OEIP;
OFFEN;
OFFICEFM;
OFFSITE;
OHAGAN;
OHKTRANSPORT;
OK DEPT;
OLAWLER;
OLEET;
OLFOOTBALL;
OLIVAS R;
OLIVER;
OLSENS;
OLSENS AGR;
OLSON, C;
OMEGATRA;
OMELET;
ONCE;
ONEFINEDAY;
ONEHORNT;
ONEILL;
ONENETWORK;
ONETRUELOVE;
ONOZCO,S;
ONSERVICE;
ONSITE;
ONTARGET;
ONTHEGO;
OPTIMUM;
OPTIONONE;
ORACLE;
ORBIT;
OREGON;
OREILLY;
ORELLENA, E;
ORGANIC M;
ORGANIC VA;
ORIGINAL;
ORIGINALCHERRY;
ORIGINALDTC;
ORKA;
OROZCO;
OROZCO,S;
ORTEGALAWN;
ORTHODOX;
ORTIZ DE ROSAS, F;
ORTIZ F;
ORTIZ JOSE;
ORTIZ, L;
ORTIZ,S;
ORTIZ,STE;
ORTIZD;
OSMUNDSON,S;
OSTERKAMP;
OTISREFR;
OTTO;
OUTFRONT;
OUTHOUSE;
OVERLEYS;
OVODRIVE;
OVOPRO;
OVOTHERM;
OWENS,J;
PAC VAN;
PACCOR;
PACIFI;
PACIFIC TR;
PACIFICL;
PACIFICOFF;
PACIFICSPRAY;
PACIFICW;
PACIFWE;
PACILIFE;
PACKAGING;
PACKCORP;
PACTIV;
PACTIV SAFEWAY PACKG;
PAIZ,D;
PAKON;
PALACIOSCERNA;
PALMER;
PALMVALLEY;
PALOMA;
PALOVERDE;
PALOVR;
PAMPETERSE;
PANASTASOPOULOS;
PANTOJA;
PANTOJAP;
PAPERSYS;
PAR;
PARADIGM G;
PARADISE;
PARISH MFG;
PARISI,S;
PARKCITY;
PARKER;
PARKHOUSE;
PARKSIDE;
PARTALLI;
PARTNER;
PARTNERS;
PARTSMAR;
PASEO;
PATENT;
PATON, C;
PATRICK,A;
PATRIOT;
PAULSEN;
PAULSENKEN;
PAYCHX;
PAYCOM;
PCM;
PCRS;
PDELGADO;
PDI;
PEARL;
PEARLHARB;
PEARSON;
PEBBLECREEK;
PECHAC;
PECHAC,E;
PECHACK;
PECO;
PEDDLERS;
PELBOAME;
PELLEGRINO,M;
PELLETPRO;
PENA;
PENDERGAST;
PENDERGEST;
PENGUIN;
PENHALL;
PENINSULA;
PENNINGTON,T;
PENNYRO;
PENSIONS;
PENSKE-FUEL-LEASE-MT;
PENSKETR-FREIGHT;
PENSKEWEST;
PEORIAFORD;
PEPA;
PERALTA,L;
PERAZA;
PEREZ,A;
PEREZ,AND;
PEREZ,G;
PERFORMANCE;
PERHAM R;
PERISCOPE;
PERK;
PERRY C;
PERRY, J T;
PERVAL;
PETALUMAFARMS;
PETCAN;
PETEANDGERRY'S;
PETERSCARS;
PETERSEN,M;
PETERSONMACH;
PETESTRA;
PFIZER;
PFLLOGISTIC;
PFS DIST;
PHALEN,R;
PHENIX;
PHIBRO;
PHOENIX CAP;
PHOENIXBJ;
PHOENIXCHIL;
PHOENIXCON;
PHOENIXFIR;
PHOENIXHEAT;
PHOENIXJCWEL;
PHOENIXN;
PHOENIXNA;
PHOENIXPUM;
PHOENIXRAN;
PHOENIXROTARY;
PHOENIXSU;
PHOENIXT;
PHOENIXTR;
PHOGRI;
PHOLYOTIN, P;
PHONETICS;
PHXNAPLL;
PHXSCAFF;
PICNIC;
PIERCE, C;
PIERSON,K;
PILOT;
PILOTAIR;
PINACAMACHO;
PINAL COUN;
PINEDA D;
PINEWO;
PINEWOODGC;
PINNACLE;
PINNACLEPREMIX;
PINOT;
PIONDIST;
PIONEERE;
PITNEY;
PITNEY B;
PITPURPWR;
PITTMAN;
PJUTELE;
PLASTICAN;
PLATEC;
PLATTNER;
PLIC;
PMIMACHINE;
PMONTGOMERY;
PODSQUAD;
POLARSERV;
POLSINELLI;
POMPAMOBILE;
PORTABLEME;
POULTRY;
POULTRYDIAG;
POWELL;
POWELL,D;
POWERS-LEV;
POWPLA/RDO;
PRATT,M;
PRECISIONB;
PRECISIONCOMPONETS;
PRECISIONL;
PRECISIONMAT;
PRECISIONRENT;
PRECISON P;
PRECMAT;
PREFERED;
PREFORMANCEFOOD;
PREPASS;
PRESCIENT;
PRESERVE;
PRESSURE;
PRESTIGE;
PRESTONFARMS;
PREZIOSO;
PRIDELOG;
PRIMESOURCE;
PRINCI;
PRINCIPALD;
PRM;
PROBUSINESS;
PROCHEM;
PROCONTROL;
PROCOPY;
PRODRIVERS;
PROFESS;
PROFESSION;
PROFESSIONAL COURT;
PROFESSIONALCHEF;
PROGRAPHIC;
PROJECT;
PROKURE;
PROL IGA;
PROLOG;
PROLOG PHM;
PROMPT;
PROPET;
PROPLA;
PRORANCH;
PROSAFETY;
PROTECH;
PROVIMI;
PSD;
PSDTECH;
PSTRUCKING;
PTEC;
PTMARKETING;
PTO000;
PUEBLO;
PUENTES, P;
PUMPMAN;
PURINA;
PUROLITE;
PURPLEPULP;
PURSAG;
QPSEMPLO;
QUADNA;
QUALITY LO;
QUALITYBLOCK;
QUALITYDR;
QUALITYMAI;
QUALITYNATURALLY;
QUALITYS;
QUALITYTECH;
QUANTUM;
QUARTZSITE;
QUILL;
QUINCY;
QWEST;
QWEST-IA;
QWESTRES;
R AND L;
R&B TRUCKI;
R&K;
R&KBUILDIN;
R&L FEED;
R&REXP;
R&REXPRESS-DON'T USE;
RABIN;
RABOAGR;
RADADVAN;
RADEECAL;
RADINT;
RADS;
RAIL;
RAILROAD;
RAIN;
RAIN FOR R;
RALPHSSN;
RALSTO;
RAM REFR;
RAMIREZ;
RAMIREZ E;
RAMIREZ,R;
RAMMEN;
RAMTAR;
RANAFIRE;
RANDOLPH;
RANDYO;
RANDYS;
RANTAR;
RAPAK;
RAPIDEXPRE;
RATTO;
RAUDEL;
RAYBEA;
RAYBOB;
RAYBORN,R;
RAYCO;
RAYHANDLING;
RAYMONDH;
RAZOCAS;
RBC;
RBGVEGAS;
RDFUNDING;
RDMARKETING;
RDOEQU/POWPLA;
READING;
REATECHN;
RECRUITI;
RED HAT;
REDBUR;
REDDYICE;
REDHILL;
REDROAD;
REDROCK;
REDTEC;
REDW;
REDWING;
REDWINGM;
REEALL;
REED;
REFRIGER;
REGENTSUNIVERSITYCA;
REGIONALPAV;
REGIONS;
REGISTER;
REHRIG;
REISH,G;
RELIABLEPR;
RELUMINATION;
REMBRANDT;
REMBRSHELL;
RENAISSAC;
RENGLHO;
REPSS;
REPUBLIC S;
RESERS;
RESOURCE;
REVELES,F;
REVOLUTION;
REX LEE;
REXINGEGG;
REYNOLDS;
REYNOLDSC;
RFPIPELINE;
RFX;
RGRODRIGUEZ;
RHODES TRANS;
RHODESBJ;
RIATAWEST;
RICECREEK;
RICHIE BRO;
RIDENOW;
RIEKES;
RIGGS, J;
RIMKUS;
RINDLERP;
RIOUX,V;
RITAS;
RITCHIE;
RIVERA,M;
RIVERA,MARI;
RIVERBOTTOM;
RIVERPER;
RIVERSID;
RIVERSIDE;
RIVERSIDECOUNTY;
RIVERSIDETREASURER;
RIVERSMA;
RIVERWOOD;
RJCORMAN;
RMC LLC;
RMS;
RMSI;
RMSROLLER;
ROACRE;
ROADAW;
ROADLINK;
ROADMACH;
ROADWARRIOR;
ROARTY J;
ROBERTHALF;
ROBERTSB;
ROBERTSRESTAURANT;
ROBERTST;
ROBINSON;
ROBINSON, J;
ROBLEDO,S;
ROBMCS;
ROBOTICA;
ROBREI;
ROCKAZ;
ROCKINDL;
ROCKTENN;
ROCKTENN-CANADA;
ROCKVIEW;
ROCKY;
ROCKYMTN;
RODEOKIA;
RODRIGUEZ;
RODRIGUEZ A;
RODRIGUEZ,B;
RODRIGUEZ,C;
RODRIGUEZ,J;
RODRIGUEZ,V;
RODRIGUEZA;
RODRIZUESSONYA;
ROER,S;
ROGERSGULF;
ROGERSPR;
ROHKOHL,R;
ROJ;
ROMAFOODS;
ROMAN;
ROMERLAB;
ROMERO,F;
RONK, J;
RONSUP;
RONTURLEY;
ROPE,T;
ROSE,O;
ROST;
ROTARYC;
ROTEX;
ROTHMARY;
ROTHSTAFFING;
ROURA;
ROUSSEAU;
ROYAL;
ROYAL EXP;
ROYALMEDJOOL;
ROYPRE;
ROYSTA;
ROZSIWAL;
RPEARSON;
RPPCONTAINERS;
RPR;
RR RODRIGUEZ;
RRAMIREZ;
RRODRIGUEZ;
RS CORCOR;
RSEKHON;
RTPENVIRO;
RTWELDING;
RUBYS;
RUDD;
RUDISELL;
RUELASL;
RUIZ BEN;
RUIZ, PABLO;
RUIZBRIGIDA;
RUIZFRAN;
RUNEM;
RUPERTS;
RUSHTR;
RUSHTRUCKCTR;
RUSSELEC;
RUSSELL;
RUSSELL,R;
RUSSO;
RUST&SONS;
RWC;
RWP;
RWTURN;
RYAHEW;
RYANHERCO;
RYDER;
RYDEREX;
RYENEAL;
RYERSON;
RYLEY;
RYTEC;
S&L;
S&S-DO NOT USE;
SAAVEDRA,F;
SADDLE MTN;
SADDLEB;
SAFEGUARD;
SAFEGUARDSERVICES;
SAFELI;
SAFELITE;
SAFETY;
SAFETYVIDEO;
SAFEWA;
SAFEWAY;
SAFEWAY/SOUTHWEST;
SAFEWAYFOU;
SAFEWAYGIFT;
SAFEWAYTRANS;
SAFEWAYTRUCKING;
SAGASER;
SAGEHARP;
SAGVOLD,H;
SAKIEVICH;
SALALV;
SALAZAR, R;
SALDANA,N;
SALMED;
SALRAM;
SALTRIVER;
SALTWORKS;
SALTZMAN,J;
SALVAGED;
SALVATIO;
SALZLER, D;
SALZMAN;
SAM;
SAMGAR;
SAMHOL;
SAMHPRP;
SAMS00;
SAMSARA;
SAMSAUCTIO;
SANASANA;
SANCHEZ,F;
SANCHEZD;
SANCHEZJ;
SANCHEZJA;
SANDBOX;
SANDER;
SANDRA TENUTO;
SANDSCHE;
SANDSKIA;
SANITEX;
SANOVO;
SANTO;
SARDEV;
SAUCEDO T;
SAUCEDOS;
SAUCOV;
SAUVEC;
SAVEOURSEC;
SAYBROOK;
SB&TGRAP;
SBSGROUP;
SCALE CENT;
SCE;
SCFUEL;
SCHEIDT,L;
SCHERING;
SCHILZ;
SCHIMKE;
SCHIMPF;
SCHINC;
SCHLAGEL;
SCHMITT;
SCHMITZ;
SCHNEIDE;
SCHOBERTRANS;
SCHOFIELD;
SCHOMP;
SCHROEDER;
SCHULT;
SCHUSTER;
SCHWEITZ;
SCICOSUPPLY;
SCIE;
SCIENCESOFT;
SCKPOULT;
SCOTLYNN;
SCOTLYNN COMM;
SCOTT EQUIP;
SCOTT,P;
SCOULAR;
SCRAMBLE;
SCRAMBLE2;
SCRAMBLE3;
SCRAMBLE4;
SCRAMBLELLC;
SCREENCONNECT;
SDIX;
SDIXON;
SEA;
SEAGRENS;
SEBU,M;
SECOES;
SECONDHA;
SECONE;
SECRETARY;
SECURE;
SECUREONE;
SECURETECH;
SECURITY;
SEDGWICK;
SEELY S;
SEELY0;
SEEMANN J;
SEIGELS;
SEISER;
SELAPACK;
SELECTAC;
SELL;
SENERGY;
SENSAP;
SENSITEC;
SENTINEL;
SENTRY;
SERCK0;
SEREY;
SERVICEF;
SERVITEC;
SESSIONS;
SETHNESS;
SEVENSTAR;
SEWARD, B;
SFISKENGBERG;
SGS;
SHAFIR;
SHAFIT;
SHAMREBATE;
SHAMROCK F;
SHAMROCK FRGHT;
SHAMROCKFSW;
SHANE;
SHANKER;
SHARAY;
SHAREIFY;
SHARPIND;
SHARPSWEL;
SHAW;
SHEADE;
SHEAFOAMS;
SHEPARD;
SHEPHARDS;
SHERMANC;
SHIELDS;
SHIFFERD;
SHIFFORDC;
SHNELL,G;
SHOCKERFLO;
SHOESFORCR;
SHRM;
SHULER;
SIDE DUMP;
SIDEBOTHAM;
SIDSIGNS;
SIEGELS;
SIERRA WAS;
SIERRANE;
SIERRASP;
SIERRATI;
SIERRLUM;
SIEWERS;
SIGG,J;
SILANO;
SILCHEM;
SILL;
SILLIKER;
SILVA R;
SILVATIA;
SILVERWA;
SIMMONT;
SIMPLE;
SIMPSONN;
SINGLETON, M;
SIOUX;
SIRIANNI,S;
SITECH;
SIWULA;
SKILLPATH;
SKINNERT;
SKSALES;
SLAVIN;
SLAVN,F;
SLYDER,T;
SMALL;
SMALLC;
SMART MOT;
SMARTSOL;
SMARTWAY;
SMASSOCIATES;
SMELK;
SMILEYCRANE;
SMITH B;
SMITH F;
SMITH GS;
SMITH M T;
SMITHCHARL;
SMITHCO;
SMITHCOMMODITY;
SMITHFEFF;
SMITHFIELD;
SMITHPIPE;
SMITHPIPE-NC;
SMITHSH;
SMURFIT;
SNELL&WI;
SNGCSA;
SNOOTY FOX;
SNOOZETOWN;
SNOW;
SNYDER;
SOCALPACK;
SOILLOC;
SOIWOR;
SOLARES,R;
SOLIDSTE;
SOLIS;
SOLISLIDICE;
SOLLIMAP;
SOMBRERO;
SOMEBURROS;
SOMEPLAC;
SONICS;
SONICWALL;
SONLITE;
SONORAN;
SONORANC;
SONSRAY;
SONSTEGARD;
SOPOCY,S;
SOUHOL;
SOUND;
SOUSWE;
SOUTHERN N;
SOUTHERNCARL;
SOUTHERNT;
SOUTHG;
SOUTHIND;
SOUTHTIRE;
SOUTHTUCSO;
SOUTHW-AC;
SOUTHWAG;
SOUTHWES;
SOUTHWESTBA;
SOUTHWESTDIESEL;
SOUTHWESTENER;
SOUTHWESTEQ;
SOUTHWESTERNSC;
SOUTHWESTG;
SOUTHWESTH;
SOUTHWESTIND;
SOUTHWESTP;
SOUTHWESTPETR;
SOUTHWESTPRT&PRO;
SOUTHWESTR;
SOUTHWESTREG;
SOUTHWESTSP;
SOUTHWPR;
SOUTHWTRUCK;
SPACE55;
SPALDING;
SPARBOE;
SPARKL;
SPARKSEL;
SPARTAN;
SPECIALTY;
SPECIALTYREF;
SPECTRUM;
SPEEDIE;
SPEEDIE-NC;
SPENCER,J;
SPETVA;
SPRAYING S;
SPRINGFIELD;
SPRINGLAND MFG;
SPRINKLER;
SPROUTS;
SPRUCE;
SPRUCEBROAD;
SPRUCELEEHILL;
SPSCOMM;
SRENTERIA;
SSIERRA;
SSPP;
STAGEK;
STALEY ENT;
STALEY,R;
STALLION;
STALLION TRUCKING;
STALTRU;
STANDARDS;
STANLEYW;
STANTEC;
STANTON;
STAPLES;
STAR MILLI;
STARLOGISTICS;
STARMEDIA;
STATE;
STATE OF ARIZONA;
STATE OF CAL;
STATE OF CAL SEC;
STATEFAR;
STATEFORTY;
STATEOF WASHINGTON;
STATETECH;
STB;
STERL0;
STERLING FOODSERVICE;
STERLINGBK;
STERN0;
STERNFAM;
STERUT;
STESAI;
STESTA;
STEVENSLEE;
STEVEOLSON;
STEWART;
STEWARTT;
STIDHAM;
STIEBEL;
STIGALL,M;
STINNETT,C;
STINSON;
STJOHNS;
STJUDE;
STMARY;
STOCKING;
STONE,R;
STONEKING;
STONERIG;
STORAGE;
STOTZ EQUIP;
STRAIGHT;
STRAIGHTGAIN;
STRATFOR;
STREAMLI;
STRINGER;
STRIVELOG;
STULL,B;
STULL,J;
STULL,K;
STULL,M;
STURM, K;
STVINCEN;
SUDENG;
SUKANO;
SUMM, B;
SUMMIT;
SUNACR;
SUNAUTO;
SUNBELT RE;
SUNBELTFAR;
SUNBELTRENT;
SUNBELTSUPPLY;
SUNCITY;
SUNDAHL;
SUNFIR;
SUNFLO;
SUNLAND;
SUNNYCAL;
SUNNYDAZE;
SUNNYSIDE;
SUNRISE;
SUNRISEDIST;
SUNRISEENG;
SUNRISEFARMS;
SUNSETPOINT;
SUNSHINEACR;
SUNSTATE EQ;
SUNSTATE-NC;
SUNWEST TR;
SUPERCLE;
SUPERGLASS;
SUPERIOR P;
SUPERIORCA;
SUPERIORCT;
SUPERIORW;
SUPERKING;
SUPERMERC;
SUPERSTITI;
SUPERVAL;
SUPMAR;
SUPPLYONE;
SUPREM;
SURECON;
SURELIFT;
SUREPRODU;
SURPLUS;
SURTRA;
SUSIETEMP;
SUTTA;
SUTTER;
SUTTON;
SW MODULAR;
SWAGEL;
SWAIN, K;
SWAPE;
SWBMFARM;
SWEETEARTH;
SWEETJIMMYS;
SWEETS;
SWIFTTRANS;
SWIND-DO NOT USE;
SWPCONTRACTING;
SWSAFETY;
SYMETRA;
SYSCO;
SYSCO FOOD;
SYSCOBU;
SYSCOCE;
SYSTEMATIX;
SYSTEMC;
T&K FEEDS;
T&KREP;
T&TLOPEZ;
TABOR EXPR;
TACOS;
TAIT;
TALISON;
TAMASHIRO;
TANIA;
TAPIA,B;
TAPIA,D;
TAQUERIA;
TARGET;
TARGETSPEC;
TARO R;
TARPS;
TASTYTIME;
TAUBER;
TAVO;
TAYLOR,B;
TAYLORDUFF;
TAYLORFARMS;
TAYLORJAMES;
TBSFACTORING;
TC;
TCGMECH;
TCS;
TDLOGISTIX;
TDS;
TEAL,R;
TEAMCAMP;
TEAMSHOP;
TEAMSTERS63;
TECEQUIP;
TECHMARK;
TECHNICA;
TECHNICAL-NC;
TECHNOPO;
TECHSOLUTION;
TECHSTAF;
TECNO;
TEDWAT;
TEEPEECO;
TEEPEESAND;
TEKSUPPLY;
TELECO;
TELETRAC;
TELNES;
TEMOXTLE,R;
TEMPTEE;
TENNANT;
TEREXUTI;
TERMINIX;
TERRACON;
TERRAZ;
TEST AMER;
TEXAS EGG;
TEXASDEPT;
TEXASEGG;
TEXASFEED;
TEXASMER;
TEXCHEMIST;
TEXHA;
TEXRENEWAL;
TFC;
THALER M;
THAULTANK;
THE MOSAIC AGENCY;
THE PROGRESSIVE FARM;
THECONTAIN;
THEDA;
THEELECT;
THEHARTFOR;
THEINT;
THENEW;
THEPINAL40;
THEQBAR&GRILL;
THERMAIR;
THERMAL;
THERMALI;
THERMO;
THERMO KIN;
THERMOKING;
THERMOKOD;
THEWERKS;
THINGSTHAT;
THISNTHAT;
THOMAS000;
THOMASARAG;
THOMP0;
THOMPSON;
THOMPSONDAN;
THOMSHER;
THOMSON,M;
THORNE,J;
THORNWOOD;
THOROGOOD;
THRIFTY;
TIGERD;
TIMBERRIDG;
TIMEAS;
TIMETRAK;
TIMEWARNER;
TIMPTE;
TIMPTEDC;
TIMS;
TIMSDAVID;
TJ;
TK&HTRUCKING;
TKDENVER;
TKSERVIC;
TLAHLERS;
TM UHL;
TMCCLUNE;
TMCLOGISTICS;
TMG;
TMI;
TMMLLC;
TMWTRIMBLE;
TNT;
TOLLROAD;
TOLMACHOFF;
TOLTECTI;
TOM JONES;
TOMRAD;
TOMS, JEREMY;
TONOPAHFIRE;
TONOPAHI;
TONOPAHMARINES;
TONOPAHVALL;
TONOTRIB;
TONOVA;
TONYSTRANSPORT;
TOORK;
TOPCO;
TOPEKA;
TOPLINE;
TORRES,A;
TORRES,J;
TORRIND;
TOSCA;
TOTAL QUAL;
TOTALCLEAN;
TOTHE;
TOURWEST;
TOWNOFBUCKEYE;
TPANDPUM;
TPC;
TPOITRAS;
TPXPOWER;
TRAASH;
TRACEONE;
TRACKAND;
TRAFFIX;
TRAIL;
TRANRELOAD;
TRANSALLIA;
TRANSCORR;
TRANSGRA;
TRANSWEST;
TRANSWORLD;
TRATUR;
TRAVELERS;
TREA;
TREELAND;
TREJO;
TREMBLAY, K;
TREZONA, S;
TRIAD;
TRIANGLE;
TRILLIUM;
TRILOGY;
TRIMBLE;
TRIMBLEMAP;
TRIMBLEMAPS;
TRINIT;
TRINITY TI;
TRIO;
TRISTE;
TROTTIER;
TRUCKSNFR;
TRUCOM;
TRUESTAR;
TRUTUB;
TSCAMP;
TSOSIE;
TUBTAI;
TUCSONTR;
TULIP;
TULLFORS;
TURAU;
TURBO&EL;
TURFEQUIPMENT;
TURNER;
TURNER, A;
TURQUOIS;
TUVSUD;
TVCC;
TWM;
TWOFRIENDS;
TWOSEASONS;
TWSERVICES;
TWTRANSPORT;
TXCOPA;
TYCOENTE;
UAF;
UAF/RFNS;
UC REGENTS;
UEA;
UFPWES;
UHAUL;
UKU,JAY;
UL;
ULINE;
ULIVEL;
ULLOA, J;
ULTRAFRONTERA;
ULTRASONIC;
UMBCAPITAL;
UMSPOWER;
UNCE;
UNDERHILL;
UNDERWOOD;
UNEGG;
UNG;
UNICARRIERS;
UNIFIED;
UNIFIEDP;
UNIFIEDSC;
UNIFIRST;
UNILIF;
UNIONPACIFIC;
UNITECHAZ;
UNITED RENTAL-NC;
UNITEDBANK;
UNITEDBAR;
UNITEDBUCK;
UNITEDBUCKFIRE;
UNITEDCA;
UNITEDH;
UNITEDRE;
UNITEDREFRIGJCS;
UNITEDSALT;
UNITEDSITE;
UNITEDTRU;
UNIVARUSA;
UNIVAZFOUNDA;
UNIVCONTAINER;
UNIVERSA;
UNIVERSAL-NC;
UNIVERSITY;
UNIVERSITYARK;
UNIVERSITYSCHOOL;
UNIVISION;
UNOPLAS;
UPS;
UPSSUPP;
UPTEGROVEJ;
UPTIVO;
URBANF;
URBMAR;
URETA;
URETATRANSPORT;
URNERBAR;
USABLUE;
USAFORENSIC;
USAIRFIL;
USAPOULTRY;
USATODAY;
USBAN24490;
USCOMMODITIES;
USCONTAINER;
USDA00;
USDAAAMS;
USDAAM;
USDA-FSIS;
USDSA;
USEDSHEL;
USEDVENDING;
USEGG;
USEGGAMERICAN;
USEGGCHANDLER;
USEGGPHOENIX;
USEGGRESTAURANT;
USEGGS;
USEGGSHEA;
USFOOD;
USFOOD NAT;
USFOODS;
USFOODSI;
USFREIGHT;
USLABEL;
USLOGISTICS;
USPOST;
USPOUL;
USTREASUREY;
USTREASURY;
USTREASURY/LEVY;
UTI TRAN;
UTILIT;
VAA;
VACO;
VACOLLC;
VALADEZ, JESUS A;
VALCOR;
VALDEZ;
VALIDUS;
VALLE,R;
VALLEYCHI;
VALLEYFITNESS;
VALLEYFRESH;
VALLEYP;
VALLEYPRODUCE;
VAN HORN;
VAN KLEECK;
VANEK;
VANEK TOM;
VANGOTUM,B;
VANGUARD;
VANSTEEL;
VANSTRYDONK;
VANTIX;
VARGAS;
VARGAS,L;
VARMSTRONG;
VARSALONA,J;
VASQUEZ;
VASQUEZ,F;
VASQUEZ,S;
VAZQUEZ;
VAZQUEZSEC;
VCON;
VELASCO;
VELOCITY;
VEMARK;
VENCOMATIC;
VERIDUS;
VERIZO;
VERIZO1;
VERIZO2;
VERIZONCONNECT;
VERMEER;
VERNLEWIS;
VERN-NC;
VESERIS;
VETCON;
VETDIAG;
VET-IOWA;
VETSER;
VFI;
VFWPOST;
VIALUIGI;
VICKERS;
VICKERS N;
VICKERS,M;
VICKERS,MA;
VICTORYPACKAGING;
VIDEOJ;
VIGIL K;
VIGIL P;
VIGILKY;
VIKING;
VIKINGPRINT;
VILLALOBOS,B;
VILLARREAL, R;
VILLEGAS;
VINCENT;
VINIEGRA,C;
VINYL EXP;
VIRAMONTES;
VIRTUOUS;
VISTAPAL;
VITALFAR;
VITALFARMS-FOSTER;
VITALFARMS-HFFC;
VIVS;
VIZCAYAD;
VMC ENTER;
VMS;
VOCON;
VOLKS;
VOLVO TRUC;
VONBRIESEN;
VONPAK;
VORTEX;
VRFOOD;
VSS SECURITY;
VWR;
VYON;
WAALKES;
WABASH;
WADDYK;
WAGES,C;
WAGNERDA;
WAGONNER;
WAGSERV;
WALCOI;
WALDNER,E;
WALFOORT;
WALGREENS;
WALKER;
WALKERST;
WALMART;
WALTERS,M;
WAMBLE,B;
WAREHOUSE;
WAREHOUSERACK;
WARNTJES;
WARREN;
WARRENJESSIE;
WARRINER;
WASHAGR;
WASHCALI;
WASHINGTON;
WASHINGTONFED;
WASTE IA;
WASTMA;
WATERUTI;
WATROJ;
WATSON;
WATSONRD;
WATTPU;
WAYMAR;
WAYPOINT;
WCONTRERAS;
WEAVER;
WEBERS,LLC;
WEIDMEYER;
WELCHEQUIP;
WELD;
WELLENERGY;
WELLSBANK;
WELLSFAR;
WELLSFARGO;
WELLSFRGO;
WELLSPRING;
WELLSRIC;
WELTEC;
WELTECH;
WERNER;
WESCOBRO;
WESGLO;
WESPAP;
WESPESPR;
WESREC;
WEST J;
WEST VALLE;
WESTCENT;
WESTCOAST;
WESTCOASTMETAL;
WESTCOASTS;
WESTERN AG;
WESTERN EX;
WESTERN EXPRESS;
WESTERNDRILL;
WESTERNENVIRONMENTAL;
WESTERNEQ;
WESTERNGR;
WESTERNI;
WESTERNME;
WESTERNMILL;
WESTERNP;
WESTERNR;
WESTFLEE;
WESTLITE;
WESTMARC;
WESTMOLAND;
WESTONE;
WESTPUBLISHING;
WESTREC;
WESTSIDET;
WESTSWICH-NC;
WESTSWIT;
WESTVAHO;
WESTVALL;
WESTVALLEYINS;
WESTVALLEYR;
WESTVALLEYROCK;
WESTVALR;
WESTVALWA;
WESTWAY;
WESTWIND;
WHEAT,A;
WHETSTONE,M;
WHITEBROS;
WHITEHILLNURSERY;
WHITEHURST;
WHITEHURST K;
WHITEWATER;
WHITING,J;
WHITNEY;
WHOLE0;
WHOLEPALL;
WICKENBURG;
WIDGETCREEK;
WIGWAMGO;
WILCAR;
WILCOX LEG;
WILD00;
WILFORD;
WILHELM;
WILLAMETTE;
WILLCOXA;
WILLHITE,C;
WILLIAMS;
WILLIAMS,T;
WILLIAMSDENICE;
WILLIAMSONQ;
WILLIAMSZIN;
WILLIEIT;
WILLISCL;
WILLS RYAN;
WILLSCOT;
WILSON;
WILSONT;
WINCHESTER;
WINEMAN,M;
WINTERS J;
WINTERSB;
WINTHROP;
WISTSUPP;
WLB;
WMHEALTH;
WOHLER,K;
WOLFE M;
WONDERFUL;
WONDERFULHOUSE;
WOOD R;
WOOD,D;
WOOD,ST;
WOODSPUR;
WOOLEY,B;
WORLDWID;
WORLEY,C;
WPSRF;
WR FARM;
WRIGHT,B;
WRIGHTAUTO;
WUNDERLICH;
WWWILLIAM;
XCELENER;
XLTCOR;
XPRESS;
XTRA;
Y&JTRANSPORT;
YANG;
YARROW;
YASKAWA;
YEAGER;
YEATTS L;
YEATTS P;
YEATTS S;
YEATTS SR;
YELLOWJA;
YENPILCH;
YORKJOHN;
YOUNGF;
YOUNGSMO;
YRC;
YUMA MCAS;
YUMACOMMISSARY;
ZAVALA;
ZAYTUNI;
ZELLER;
ZEP000;
ZHENGZHOU;
ZITZELBERGER, B;
ZOETIS;
ZOHO;
ZONDA;
ZOOMVIDEO;
ZUMMIT;
ZWIWUL
